{
    "loss": 6.043835639953613,
    "accuracy": 0.5035971403121948
}